title,company,location,link
Software Development (All Levels),Instec Corp,Remote,https://www.indeed.com/viewjob?jk=a9ef10d383bd5360
Python Developer,Agama Solutions,"Remote in San Francisco, CA+1 location",https://www.indeed.com/viewjob?jk=f6a64372a5851eec
Software Development (All Levels),Insurity,Remote,https://www.indeed.com/viewjob?jk=676599852a737304
CSS & HTML Developer,Humanity,"Remote in Myrtle Point, OR 97458",https://www.indeed.com/viewjob?jk=cceee5b57c71a193
Full Stack Engineer,Woven Teams,Remote,https://www.indeed.com/viewjob?jk=a391486f0bba99ac
Business Analyst (Entry Level),Agama Solutions,+5 locationsRemote,https://www.indeed.com/viewjob?jk=7a2f9cc2cc982a1e
Entry Level Business Analyst,Agama Solutions,+1 locationRemote,https://www.indeed.com/viewjob?jk=4d933148d44283c6
Python Engineer,Piper Companies,+9 locationsRemote,https://www.indeed.com/viewjob?jk=4ac9a3ab222f68eb
Software Engineer,Nike,"Remote in Atlanta, GA+11 locations",https://www.indeed.com/viewjob?jk=d10df9af539c598b
REMOTE Junior Backend Engineer - $120-$160K (Python),Explore Jobs Search,"Remote in Denver, CO+38 locations",https://www.indeed.com/viewjob?jk=f73ae0d6f6a086fa
Entry Level Software Developer,Grant Street Group,Remote,https://www.indeed.com/viewjob?jk=f29f480069fa33cf
Software Developer (Remote),Workforce Opportunity Services,Remote in United States,https://www.indeed.com/viewjob?jk=d8846773cfd3d827
Python Developer,Kaizen Technologies,"Austin, TX",https://www.indeed.com/viewjob?jk=46ea36608a468965
Python and Airflow Developer,Capgemini,+10 locationsRemote,https://www.indeed.com/viewjob?jk=44e20900df0e9bfa
"Survey Research Scientist, People Experience and Technology",Amazon.com Services LLC,+61 locationsRemote,https://www.indeed.com/viewjob?jk=8ec9c8eb77a020db
Junior Developer - Python,Akuna Capital,"Chicago, IL 60604 (The Loop area)",https://www.indeed.com/viewjob?jk=c362a86904faacdd
Software Engineer - Undergrad New College Grad - Multiple Lo...,Visa,"Austin, TX+17 locations",https://www.indeed.com/viewjob?jk=757618b14d38027a
Python Engineer/ Developer,Luzon Technologies,Remote,https://www.indeed.com/viewjob?jk=9cd7a36be59cf2b5
Backend Engineer,Logikcull,Remote,https://www.indeed.com/viewjob?jk=0f689934c3226d7f
Data Engineer,Farmers Insurance Group,Remote,https://www.indeed.com/viewjob?jk=a6adae584983c7ee
Data Engineer,Instec Corp,Remote,https://www.indeed.com/viewjob?jk=77625ede0d52469a
Software QA Engineer - DFM (Remote - US only),Siemens,"Remote in Seattle, WA 98134+6 locations",https://www.indeed.com/viewjob?jk=28381ff006014451
"Analyst, Corporate Strategy",Yelp,Remote,https://www.indeed.com/viewjob?jk=786a70f7a4f082c8
Network Engineer/Network Programming â€“ Remote,"Spry Squared, Inc.",Remote,https://www.indeed.com/viewjob?jk=4b3b5ba7f78f43d3
Customer Data Analyst (Remote),Pearson,"Remote in Juneau, AK 99811+51 locations",https://www.indeed.com/viewjob?jk=3c723d57343ab33a
Jr. Python Developer,Kibo Commerce,"Austin, TX",https://www.indeed.com/viewjob?jk=c4741c727cd55c76
Remotely Full-stack Developer view vacancy,Apicbase,Remote,https://www.indeed.com/viewjob?jk=31fb3e2e9d50d876
Data Engineer,Community Tech Alliance,Remote,https://www.indeed.com/viewjob?jk=d64593b00a1e6f46
Senior Python Engineer,Atlas Labs,Remote,https://www.indeed.com/viewjob?jk=4e515616a680e925
Junior Support Data Engineer,GFT Technologies SE,"Remote in New York, NY 10016",https://www.indeed.com/viewjob?jk=dcbddb7af06b3ad3
